os,language,task,input_size,pid,status,rtime,ru_utime,ru_stime,ru_maxrss,ru_minflt,ru_majflt,ru_inblock,ru_oublock,ru_nvcsw,ru_nivcsw,memory_mb,cpu_time,execution_time,task_with_size
Manjaro GNOME 25.0.10,Python 3,binarytrees,7,1942,0,0.169137954711914,0.0498479999999999,0.046858,16408,8134,0,672,0,393,4,16.0234375,0.0967059999999999,0.169137954711914,binarytrees-7
Manjaro GNOME 25.0.10,Python 3,binarytrees,7,1956,0,0.1498682498931884,0.041698,0.059868,16460,8132,0,0,0,363,0,16.07421875,0.10156599999999999,0.1498682498931884,binarytrees-7
Manjaro GNOME 25.0.10,Python 3,binarytrees,7,1970,0,0.1608407497406005,0.0573459999999999,0.0462119999999999,16252,8143,0,0,0,377,4,15.87109375,0.10355799999999979,0.1608407497406005,binarytrees-7
Manjaro GNOME 25.0.10,Python 3,binarytrees,7,1984,0,0.1587038040161132,0.0267519999999999,0.075719,16404,8132,0,0,0,346,5,16.01953125,0.1024709999999999,0.1587038040161132,binarytrees-7
Manjaro GNOME 25.0.10,Python 3,binarytrees,7,1998,0,0.1431384086608886,0.040097,0.051833,16532,8144,0,0,0,360,6,16.14453125,0.09193,0.1431384086608886,binarytrees-7
Manjaro GNOME 25.0.10,Python 3,binarytrees,7,2012,0,0.1412618160247802,0.0488609999999999,0.050487,16380,8133,0,0,0,361,4,15.99609375,0.0993479999999999,0.1412618160247802,binarytrees-7
Manjaro GNOME 25.0.10,Python 3,binarytrees,7,2026,0,0.1522450447082519,0.0247079999999999,0.066519,16532,8151,0,0,0,370,3,16.14453125,0.09122699999999989,0.1522450447082519,binarytrees-7
Manjaro GNOME 25.0.10,Python 3,binarytrees,7,2040,0,0.1438241004943847,0.039469,0.054237,16280,8146,0,0,0,383,0,15.8984375,0.093706,0.1438241004943847,binarytrees-7
Manjaro GNOME 25.0.10,Python 3,binarytrees,7,2054,0,0.1484158039093017,0.043835,0.0513389999999999,16512,8149,0,0,0,375,0,16.125,0.0951739999999999,0.1484158039093017,binarytrees-7
Manjaro GNOME 25.0.10,Python 3,binarytrees,7,2068,0,0.1470811367034912,0.0499579999999999,0.043446,16272,8139,0,0,0,368,1,15.890625,0.0934039999999999,0.1470811367034912,binarytrees-7
Manjaro GNOME 25.0.10,Python 3,binarytrees,21,2082,0,18.768964290618896,82.792413,11.007405,276520,1318504,0,0,0,1065,839,270.0390625,93.799818,18.768964290618896,binarytrees-21
Manjaro GNOME 25.0.10,Python 3,binarytrees,21,2097,0,17.333863019943237,85.597516,8.721839,276544,1318505,0,0,0,1098,597,270.0625,94.319355,17.333863019943237,binarytrees-21
Manjaro GNOME 25.0.10,Python 3,binarytrees,21,2111,0,17.013636112213135,87.1522,9.210386,276772,1318546,0,0,0,1063,606,270.28515625,96.362586,17.013636112213135,binarytrees-21
Manjaro GNOME 25.0.10,Python 3,binarytrees,21,2128,0,17.359891176223755,91.049228,7.710382,276328,1323194,0,0,0,1049,571,269.8515625,98.75961,17.359891176223755,binarytrees-21
Manjaro GNOME 25.0.10,Python 3,binarytrees,21,2145,0,16.703325986862183,89.648801,7.756924,276496,1318536,0,0,0,1037,448,270.015625,97.405725,16.703325986862183,binarytrees-21
Manjaro GNOME 25.0.10,Python 3,binarytrees,21,2159,0,17.080674171447754,91.276724,7.432761,276336,1311334,0,0,0,1084,755,269.859375,98.709485,17.080674171447754,binarytrees-21
Manjaro GNOME 25.0.10,Python 3,binarytrees,21,2174,0,17.901874542236328,90.480677,7.468285,276460,1311332,0,0,0,1046,555,269.98046875,97.948962,17.901874542236328,binarytrees-21
Manjaro GNOME 25.0.10,Python 3,binarytrees,21,2189,0,16.955355644226074,88.526866,10.375743,276464,1311323,0,0,0,1060,444,269.984375,98.902609,16.955355644226074,binarytrees-21
Manjaro GNOME 25.0.10,Python 3,binarytrees,21,2203,0,17.761732816696167,91.00643,7.307826,276520,1318535,0,0,0,1078,380,270.0390625,98.314256,17.761732816696167,binarytrees-21
Manjaro GNOME 25.0.10,Python 3,binarytrees,21,2217,0,17.66048812866211,91.584078,6.301119,276172,1310275,0,0,0,1073,594,269.69921875,97.885197,17.66048812866211,binarytrees-21
Manjaro GNOME 25.0.10,Python 3,fannkuchredux,10,2231,0,7.13689398765564,7.11291,0.012249,10616,1201,0,0,0,49,11,10.3671875,7.125159,7.13689398765564,fannkuchredux-10
Manjaro GNOME 25.0.10,Python 3,fannkuchredux,10,2234,0,6.867013454437256,6.842925,0.0038529999999999,10680,1199,0,0,0,47,11,10.4296875,6.8467780000000005,6.867013454437256,fannkuchredux-10
Manjaro GNOME 25.0.10,Python 3,fannkuchredux,10,2237,0,6.7980358600616455,6.760021,0.0166219999999999,10616,1197,0,0,0,46,47,10.3671875,6.776643,6.7980358600616455,fannkuchredux-10
Manjaro GNOME 25.0.10,Python 3,fannkuchredux,10,2240,0,6.817404508590698,6.656759,0.1404399999999999,10428,1198,0,0,0,48,18,10.18359375,6.797199,6.817404508590698,fannkuchredux-10
Manjaro GNOME 25.0.10,Python 3,fannkuchredux,10,2243,0,6.819772720336914,6.789413,0.013356,10616,1197,0,0,0,46,10,10.3671875,6.802769,6.819772720336914,fannkuchredux-10
Manjaro GNOME 25.0.10,Python 3,fannkuchredux,10,2246,0,6.889799356460571,6.842366,0.031526,10744,1199,0,0,0,47,15,10.4921875,6.873892000000001,6.889799356460571,fannkuchredux-10
Manjaro GNOME 25.0.10,Python 3,fannkuchredux,10,2249,0,6.804879188537598,6.770399,0.0198029999999999,10744,1202,0,0,0,47,11,10.4921875,6.790202,6.804879188537598,fannkuchredux-10
Manjaro GNOME 25.0.10,Python 3,fannkuchredux,10,2252,0,6.730632781982422,6.697287,0.0188459999999999,10616,1196,0,0,0,47,9,10.3671875,6.716133,6.730632781982422,fannkuchredux-10
Manjaro GNOME 25.0.10,Python 3,fannkuchredux,10,2255,0,7.364989757537842,7.332737,0.014868,10688,1200,0,0,0,48,11,10.4375,7.347605,7.364989757537842,fannkuchredux-10
Manjaro GNOME 25.0.10,Python 3,fannkuchredux,10,2258,0,8.257373809814453,8.217071,0.0221479999999999,10616,1199,0,0,0,48,8,10.3671875,8.239219,8.257373809814453,fannkuchredux-10
Manjaro GNOME 25.0.10,Python 3,fannkuchredux,12,2261,0,1156.8897597789764,1156.641037,0.161787,10616,1197,0,0,0,47,411,10.3671875,1156.802824,1156.8897597789764,fannkuchredux-12
Manjaro GNOME 25.0.10,Python 3,fannkuchredux,12,2412,0,1149.0502927303314,1148.980506,0.103651,10428,1195,0,0,0,47,312,10.18359375,1149.084157,1149.0502927303314,fannkuchredux-12
Manjaro GNOME 25.0.10,Python 3,fannkuchredux,12,2608,0,1144.9777524471283,1144.849931,0.119332,10616,1198,0,0,0,48,306,10.3671875,1144.969263,1144.9777524471283,fannkuchredux-12
Manjaro GNOME 25.0.10,Python 3,fannkuchredux,12,2764,0,1161.400720357895,1161.22972,0.1464369999999999,10740,1200,0,0,0,48,325,10.48828125,1161.3761570000001,1161.400720357895,fannkuchredux-12
Manjaro GNOME 25.0.10,Python 3,fannkuchredux,12,2837,0,1156.9418828487396,1156.761707,0.1458269999999999,10744,1198,0,0,0,48,323,10.4921875,1156.907534,1156.9418828487396,fannkuchredux-12
Manjaro GNOME 25.0.10,Python 3,fannkuchredux,12,2904,0,1154.9089181423187,1154.834611,0.15889,10744,1197,0,0,0,47,311,10.4921875,1154.993501,1154.9089181423187,fannkuchredux-12
Manjaro GNOME 25.0.10,Python 3,fannkuchredux,12,3050,0,1155.3422009944916,1154.808076,0.520934,10616,1199,0,0,0,47,324,10.3671875,1155.32901,1155.3422009944916,fannkuchredux-12
Manjaro GNOME 25.0.10,Python 3,fannkuchredux,12,3087,0,1158.5512101650238,1158.422225,0.1181189999999999,10744,1202,0,0,0,48,305,10.4921875,1158.540344,1158.5512101650238,fannkuchredux-12
Manjaro GNOME 25.0.10,Python 3,fannkuchredux,12,3231,0,1168.2539598941803,1168.004331,0.248357,10616,1198,0,0,0,47,315,10.3671875,1168.252688,1168.2539598941803,fannkuchredux-12
Manjaro GNOME 25.0.10,Python 3,fannkuchredux,12,3264,0,1197.1692626476288,1197.032916,0.169621,10744,1197,0,0,0,47,318,10.4921875,1197.202537,1197.1692626476288,fannkuchredux-12
Manjaro GNOME 25.0.10,Python 3,fasta,250000,3292,0,1.234130859375,1.206016,0.012471,10872,1204,0,0,0,46,0,10.6171875,1.2184869999999999,1.234130859375,fasta-250000
Manjaro GNOME 25.0.10,Python 3,fasta,250000,3295,0,0.947091817855835,0.928237,0.004516,10868,1201,0,0,0,47,1,10.61328125,0.9327529999999999,0.947091817855835,fasta-250000
Manjaro GNOME 25.0.10,Python 3,fasta,250000,3298,0,0.927605390548706,0.8932019999999999,0.01974,10744,1200,0,0,0,48,16,10.4921875,0.9129419999999999,0.927605390548706,fasta-250000
Manjaro GNOME 25.0.10,Python 3,fasta,250000,3301,0,0.9000201225280762,0.8744379999999999,0.012032,10872,1205,0,0,0,46,2,10.6171875,0.88647,0.9000201225280762,fasta-250000
Manjaro GNOME 25.0.10,Python 3,fasta,250000,3304,0,0.9326827526092528,0.902589,0.0149229999999999,10872,1206,0,0,0,48,2,10.6171875,0.9175119999999999,0.9326827526092528,fasta-250000
Manjaro GNOME 25.0.10,Python 3,fasta,250000,3307,0,0.9195263385772704,0.8794259999999999,0.027496,10872,1206,0,0,0,46,1,10.6171875,0.9069219999999999,0.9195263385772704,fasta-250000
Manjaro GNOME 25.0.10,Python 3,fasta,250000,3310,0,0.9043679237365724,0.807099,0.0828619999999999,10872,1203,0,0,0,47,19,10.6171875,0.8899609999999999,0.9043679237365724,fasta-250000
Manjaro GNOME 25.0.10,Python 3,fasta,250000,3313,0,0.9394240379333496,0.909842,0.0126889999999999,10684,1206,0,0,0,47,2,10.43359375,0.922531,0.9394240379333496,fasta-250000
Manjaro GNOME 25.0.10,Python 3,fasta,250000,3316,0,0.9216222763061525,0.90476,0.004055,10872,1203,0,0,0,48,1,10.6171875,0.908815,0.9216222763061525,fasta-250000
Manjaro GNOME 25.0.10,Python 3,fasta,250000,3319,0,0.9215569496154784,0.8868109999999999,0.01975,10872,1205,0,0,0,48,14,10.6171875,0.906561,0.9215569496154784,fasta-250000
Manjaro GNOME 25.0.10,Python 3,fasta,25000000,3322,0,83.73463582992554,80.861374,2.9326,10872,1207,0,0,0,45,36,10.6171875,83.79397399999999,83.73463582992554,fasta-25000000
Manjaro GNOME 25.0.10,Python 3,fasta,25000000,3326,0,83.04073667526245,82.913543,0.1881509999999999,10744,1204,0,0,0,47,170,10.4921875,83.10169400000001,83.04073667526245,fasta-25000000
Manjaro GNOME 25.0.10,Python 3,fasta,25000000,3330,0,89.46794319152832,89.48176,0.060902,10872,1207,0,0,0,46,133,10.6171875,89.54266199999999,89.46794319152832,fasta-25000000
Manjaro GNOME 25.0.10,Python 3,fasta,25000000,3337,0,88.62555289268494,88.676618,0.0200699999999999,10744,1206,0,0,0,48,27,10.4921875,88.69668800000001,88.62555289268494,fasta-25000000
Manjaro GNOME 25.0.10,Python 3,fasta,25000000,3340,0,87.68571925163269,87.674495,0.074927,10744,1205,0,0,0,48,161,10.4921875,87.749422,87.68571925163269,fasta-25000000
Manjaro GNOME 25.0.10,Python 3,fasta,25000000,3383,0,88.14995074272156,88.160702,0.063499,10616,1205,0,0,0,46,29,10.3671875,88.224201,88.14995074272156,fasta-25000000
Manjaro GNOME 25.0.10,Python 3,fasta,25000000,3388,0,84.93067908287048,84.909723,0.078419,10744,1207,0,0,0,47,248,10.4921875,84.988142,84.93067908287048,fasta-25000000
Manjaro GNOME 25.0.10,Python 3,fasta,25000000,3394,0,85.21544528007507,85.221412,0.061667,10872,1205,0,0,0,46,29,10.6171875,85.283079,85.21544528007507,fasta-25000000
Manjaro GNOME 25.0.10,Python 3,fasta,25000000,3399,0,85.84728384017944,85.878486,0.0397179999999999,10872,1203,0,0,0,46,28,10.6171875,85.91820399999999,85.84728384017944,fasta-25000000
Manjaro GNOME 25.0.10,Python 3,fasta,25000000,3404,0,87.03139758110046,87.066783,0.036767,10872,1207,0,0,0,48,27,10.6171875,87.10355,87.03139758110046,fasta-25000000
Manjaro GNOME 25.0.10,Python 3,mandelbrot,1000,3408,0,3.837267398834229,3.818279,0.0078109999999999,10744,1194,0,0,0,48,47,10.4921875,3.8260899999999998,3.837267398834229,mandelbrot-1000
Manjaro GNOME 25.0.10,Python 3,mandelbrot,1000,3414,0,3.8037846088409424,3.777454,0.0159629999999999,10872,1193,0,0,0,48,8,10.6171875,3.793417,3.8037846088409424,mandelbrot-1000
Manjaro GNOME 25.0.10,Python 3,mandelbrot,1000,3417,0,3.809617757797241,3.792366,0.007274,10872,1191,0,0,0,48,2,10.6171875,3.7996399999999997,3.809617757797241,mandelbrot-1000
Manjaro GNOME 25.0.10,Python 3,mandelbrot,1000,3420,0,4.055981397628784,4.029621,0.0142289999999999,10872,1189,0,0,0,48,50,10.6171875,4.04385,4.055981397628784,mandelbrot-1000
Manjaro GNOME 25.0.10,Python 3,mandelbrot,1000,3423,0,3.642594575881958,3.61681,0.012764,10872,1190,0,0,0,48,3,10.6171875,3.6295740000000003,3.642594575881958,mandelbrot-1000
Manjaro GNOME 25.0.10,Python 3,mandelbrot,1000,3426,0,3.7655608654022217,3.71281,0.042955,10872,1192,0,0,0,47,9,10.6171875,3.7557650000000002,3.7655608654022217,mandelbrot-1000
Manjaro GNOME 25.0.10,Python 3,mandelbrot,1000,3429,0,3.735026836395264,3.717899,0.006502,10872,1193,0,0,0,47,6,10.6171875,3.724401,3.735026836395264,mandelbrot-1000
Manjaro GNOME 25.0.10,Python 3,mandelbrot,1000,3432,0,3.715020418167114,3.43923,0.2640969999999999,10872,1193,0,0,0,48,2,10.6171875,3.703327,3.715020418167114,mandelbrot-1000
Manjaro GNOME 25.0.10,Python 3,mandelbrot,1000,3435,0,3.7362961769104,3.700662,0.025677,10872,1190,0,0,0,45,5,10.6171875,3.726339,3.7362961769104,mandelbrot-1000
Manjaro GNOME 25.0.10,Python 3,mandelbrot,1000,3438,0,3.7226853370666495,3.708979,0.005482,10872,1191,0,0,0,45,9,10.6171875,3.714461,3.7226853370666495,mandelbrot-1000
Manjaro GNOME 25.0.10,Python 3,mandelbrot,16000,3441,0,979.3899638652802,978.284565,0.2050479999999999,10872,1191,0,0,0,46,1885,10.6171875,978.4896130000001,979.3899638652802,mandelbrot-16000
Manjaro GNOME 25.0.10,Python 3,mandelbrot,16000,5940,0,984.451022863388,984.31236,0.1278409999999999,10744,1189,0,0,0,47,775,10.4921875,984.440201,984.451022863388,mandelbrot-16000
Manjaro GNOME 25.0.10,Python 3,mandelbrot,16000,5962,0,983.0684037208556,982.995388,0.066776,10872,1193,0,0,0,45,251,10.6171875,983.062164,983.0684037208556,mandelbrot-16000
Manjaro GNOME 25.0.10,Python 3,mandelbrot,16000,5985,0,990.1340630054474,990.034317,0.095512,10684,1192,0,0,0,46,287,10.43359375,990.129829,990.1340630054474,mandelbrot-16000
Manjaro GNOME 25.0.10,Python 3,mandelbrot,16000,6005,0,941.8015916347504,939.629048,2.152409,10872,1194,0,0,0,46,274,10.6171875,941.781457,941.8015916347504,mandelbrot-16000
Manjaro GNOME 25.0.10,Python 3,mandelbrot,16000,6082,0,986.5413732528688,986.391391,0.1460179999999999,10728,1191,0,0,0,48,344,10.4765625,986.537409,986.5413732528688,mandelbrot-16000
Manjaro GNOME 25.0.10,Python 3,mandelbrot,16000,6123,0,954.9312810897828,952.00967,2.917944,10744,1192,0,0,0,46,484,10.4921875,954.9276140000001,954.9312810897828,mandelbrot-16000
Manjaro GNOME 25.0.10,Python 3,mandelbrot,16000,6185,0,994.3279440402983,994.21793,0.101981,10872,1192,0,0,0,46,775,10.6171875,994.319911,994.3279440402983,mandelbrot-16000
Manjaro GNOME 25.0.10,Python 3,mandelbrot,16000,6206,0,955.3706996440887,953.780276,1.601656,10868,1192,0,0,0,46,481,10.61328125,955.381932,955.3706996440887,mandelbrot-16000
Manjaro GNOME 25.0.10,Python 3,mandelbrot,16000,6245,0,982.6542620658876,982.593037,0.065054,10556,1193,0,0,0,48,256,10.30859375,982.658091,982.6542620658876,mandelbrot-16000
Manjaro GNOME 25.0.10 Minimal,Python 3,binarytrees,7,1603,0,0.2203807830810547,0.05389,0.0700969999999999,16056,8086,0,704,0,384,5,15.6796875,0.1239869999999999,0.2203807830810547,binarytrees-7
Manjaro GNOME 25.0.10 Minimal,Python 3,binarytrees,7,1617,0,0.1979846954345703,0.060562,0.071987,16056,8248,0,0,0,359,19,15.6796875,0.132549,0.1979846954345703,binarytrees-7
Manjaro GNOME 25.0.10 Minimal,Python 3,binarytrees,7,1631,0,0.1858065128326416,0.066861,0.050879,16196,8187,0,0,0,372,4,15.81640625,0.11774000000000001,0.1858065128326416,binarytrees-7
Manjaro GNOME 25.0.10 Minimal,Python 3,binarytrees,7,1645,0,0.1730399131774902,0.0599079999999999,0.0599079999999999,16336,8150,0,0,0,355,5,15.953125,0.1198159999999998,0.1730399131774902,binarytrees-7
Manjaro GNOME 25.0.10 Minimal,Python 3,binarytrees,7,1659,0,0.1559510231018066,0.052425,0.0435119999999999,16384,8166,0,0,0,367,2,16.0,0.0959369999999999,0.1559510231018066,binarytrees-7
Manjaro GNOME 25.0.10 Minimal,Python 3,binarytrees,7,1673,0,0.1435203552246093,0.041155,0.051724,16532,8229,0,0,0,361,2,16.14453125,0.09287899999999999,0.1435203552246093,binarytrees-7
Manjaro GNOME 25.0.10 Minimal,Python 3,binarytrees,7,1687,0,0.1495108604431152,0.073715,0.050071,16532,8194,0,0,0,361,2,16.14453125,0.12378600000000001,0.1495108604431152,binarytrees-7
Manjaro GNOME 25.0.10 Minimal,Python 3,binarytrees,7,1701,0,0.1524775028228759,0.0533709999999999,0.0620019999999999,16244,8192,0,0,0,365,3,15.86328125,0.1153729999999998,0.1524775028228759,binarytrees-7
Manjaro GNOME 25.0.10 Minimal,Python 3,binarytrees,7,1715,0,0.1510190963745117,0.041661,0.057968,16280,8264,0,0,0,392,4,15.8984375,0.099629,0.1510190963745117,binarytrees-7
Manjaro GNOME 25.0.10 Minimal,Python 3,binarytrees,7,1729,0,0.1448068618774414,0.039966,0.05687,16532,8250,0,0,0,358,0,16.14453125,0.096836,0.1448068618774414,binarytrees-7
Manjaro GNOME 25.0.10 Minimal,Python 3,binarytrees,21,1743,0,17.340413808822632,88.054442,8.710876,276648,1311246,0,0,0,1062,522,270.1640625,96.765318,17.340413808822632,binarytrees-21
Manjaro GNOME 25.0.10 Minimal,Python 3,binarytrees,21,1760,0,17.308536291122437,89.979491,7.234178,276296,1318439,0,0,0,1096,636,269.8203125,97.213669,17.308536291122437,binarytrees-21
Manjaro GNOME 25.0.10 Minimal,Python 3,binarytrees,21,1776,0,17.819189310073853,90.65914,10.271493,276428,1317959,0,0,0,1079,471,269.94921875,100.930633,17.819189310073853,binarytrees-21
Manjaro GNOME 25.0.10 Minimal,Python 3,binarytrees,21,1790,0,17.827072143554688,93.470701,6.820073,276176,1318472,0,0,0,1014,657,269.703125,100.290774,17.827072143554688,binarytrees-21
Manjaro GNOME 25.0.10 Minimal,Python 3,binarytrees,21,1804,0,18.46757817268372,98.231668,6.442143,276584,1311295,0,0,0,1030,572,270.1015625,104.673811,18.46757817268372,binarytrees-21
Manjaro GNOME 25.0.10 Minimal,Python 3,binarytrees,21,1818,0,19.2354474067688,100.563568,7.38972,276552,1311267,0,0,0,1092,591,270.0703125,107.953288,19.2354474067688,binarytrees-21
Manjaro GNOME 25.0.10 Minimal,Python 3,binarytrees,21,1832,0,17.956103324890137,91.303243,8.109748,276584,1311202,0,0,0,1082,803,270.1015625,99.41299099999999,17.956103324890137,binarytrees-21
Manjaro GNOME 25.0.10 Minimal,Python 3,binarytrees,21,1851,0,17.25052309036255,89.674131,10.279363,276552,1311228,0,0,0,1107,466,270.0703125,99.953494,17.25052309036255,binarytrees-21
Manjaro GNOME 25.0.10 Minimal,Python 3,binarytrees,21,1865,0,17.805124282836914,91.641214,8.14418,276520,1318519,0,0,0,1011,560,270.0390625,99.78539400000001,17.805124282836914,binarytrees-21
Manjaro GNOME 25.0.10 Minimal,Python 3,binarytrees,21,1880,0,17.79007649421692,92.368806,7.473631,276436,1311304,0,0,0,1055,516,269.95703125,99.842437,17.79007649421692,binarytrees-21
Manjaro GNOME 25.0.10 Minimal,Python 3,fannkuchredux,10,1894,0,7.143578767776489,7.116183,0.0120989999999999,10616,1203,0,0,0,49,14,10.3671875,7.1282820000000005,7.143578767776489,fannkuchredux-10
Manjaro GNOME 25.0.10 Minimal,Python 3,fannkuchredux,10,1897,0,7.039768934249878,6.996157,0.027302,10616,1200,0,0,0,47,134,10.3671875,7.023459,7.039768934249878,fannkuchredux-10
Manjaro GNOME 25.0.10 Minimal,Python 3,fannkuchredux,10,1903,0,6.994975328445435,6.959941,0.0226509999999999,10616,1204,0,0,0,48,15,10.3671875,6.9825919999999995,6.994975328445435,fannkuchredux-10
Manjaro GNOME 25.0.10 Minimal,Python 3,fannkuchredux,10,1906,0,7.130452871322632,7.089493,0.019136,10616,1199,0,0,0,47,11,10.3671875,7.108629,7.130452871322632,fannkuchredux-10
Manjaro GNOME 25.0.10 Minimal,Python 3,fannkuchredux,10,1910,0,7.044647693634033,7.022045,0.003806,10616,1204,0,0,0,48,9,10.3671875,7.025851,7.044647693634033,fannkuchredux-10
Manjaro GNOME 25.0.10 Minimal,Python 3,fannkuchredux,10,1914,0,6.862695217132568,6.831111,0.0194669999999999,10604,1199,0,0,0,44,8,10.35546875,6.850578,6.862695217132568,fannkuchredux-10
Manjaro GNOME 25.0.10 Minimal,Python 3,fannkuchredux,10,1917,0,6.838617324829102,6.797514,0.024082,10616,1205,0,0,0,44,16,10.3671875,6.8215959999999995,6.838617324829102,fannkuchredux-10
Manjaro GNOME 25.0.10 Minimal,Python 3,fannkuchredux,10,1921,0,6.956177234649658,6.90902,0.021848,10616,1204,0,0,0,48,224,10.3671875,6.930868,6.956177234649658,fannkuchredux-10
Manjaro GNOME 25.0.10 Minimal,Python 3,fannkuchredux,10,1924,0,6.815420150756836,6.788187,0.013123,10616,1199,0,0,0,46,4,10.3671875,6.80131,6.815420150756836,fannkuchredux-10
Manjaro GNOME 25.0.10 Minimal,Python 3,fannkuchredux,10,1927,0,6.770403623580933,6.741428,0.0095459999999999,10744,1202,0,0,0,46,230,10.4921875,6.750974,6.770403623580933,fannkuchredux-10
Manjaro GNOME 25.0.10 Minimal,Python 3,fannkuchredux,12,1930,0,1181.455764055252,1181.392303,0.0628529999999999,10616,1204,0,0,0,48,306,10.3671875,1181.455156,1181.455764055252,fannkuchredux-12
Manjaro GNOME 25.0.10 Minimal,Python 3,fannkuchredux,12,2138,0,1160.3312571048737,1159.933097,0.381262,10616,1205,0,0,0,48,318,10.3671875,1160.3143590000002,1160.3312571048737,fannkuchredux-12
Manjaro GNOME 25.0.10 Minimal,Python 3,fannkuchredux,12,2264,0,1155.0725104808807,1154.863381,0.1991129999999999,10616,1200,0,0,0,48,329,10.3671875,1155.0624939999998,1155.0725104808807,fannkuchredux-12
Manjaro GNOME 25.0.10 Minimal,Python 3,fannkuchredux,12,2315,0,1167.560133934021,1167.302069,0.194096,10616,1199,0,0,0,44,1497,10.3671875,1167.496165,1167.560133934021,fannkuchredux-12
Manjaro GNOME 25.0.10 Minimal,Python 3,fannkuchredux,12,2340,0,1159.4756789207458,1159.330266,0.1722419999999999,10616,1205,0,0,0,48,310,10.3671875,1159.502508,1159.4756789207458,fannkuchredux-12
Manjaro GNOME 25.0.10 Minimal,Python 3,fannkuchredux,12,2365,0,1165.8374152183533,1165.682638,0.1653,10744,1203,0,0,0,48,312,10.4921875,1165.8479379999999,1165.8374152183533,fannkuchredux-12
Manjaro GNOME 25.0.10 Minimal,Python 3,fannkuchredux,12,2391,0,1161.4007003307345,1161.289942,0.106871,10744,1203,0,0,0,46,302,10.4921875,1161.396813,1161.4007003307345,fannkuchredux-12
Manjaro GNOME 25.0.10 Minimal,Python 3,fannkuchredux,12,2417,0,1241.488389968872,1240.993146,0.507104,10616,1203,0,0,0,48,327,10.3671875,1241.50025,1241.488389968872,fannkuchredux-12
Manjaro GNOME 25.0.10 Minimal,Python 3,fannkuchredux,12,2446,0,1176.601676940918,1176.29318,0.273779,10616,1201,0,0,0,48,452,10.3671875,1176.566959,1176.601676940918,fannkuchredux-12
Manjaro GNOME 25.0.10 Minimal,Python 3,fannkuchredux,12,2473,0,1175.5188791751862,1173.573516,1.952745,10744,1203,0,0,0,47,546,10.4921875,1175.526261,1175.5188791751862,fannkuchredux-12
Manjaro GNOME 25.0.10 Minimal,Python 3,fasta,250000,4979,0,0.8867850303649902,0.741973,0.131334,10872,1210,0,0,0,48,3,10.6171875,0.873307,0.8867850303649902,fasta-250000
Manjaro GNOME 25.0.10 Minimal,Python 3,fasta,250000,4982,0,0.9032342433929444,0.853688,0.035789,10740,1208,0,0,0,44,6,10.48828125,0.889477,0.9032342433929444,fasta-250000
Manjaro GNOME 25.0.10 Minimal,Python 3,fasta,250000,4985,0,0.9082133769989014,0.8858349999999999,0.008558,10872,1206,0,0,0,48,5,10.6171875,0.8943929999999999,0.9082133769989014,fasta-250000
Manjaro GNOME 25.0.10 Minimal,Python 3,fasta,250000,4988,0,0.935832977294922,0.8974909999999999,0.024078,10872,1207,0,0,0,48,7,10.6171875,0.921569,0.935832977294922,fasta-250000
Manjaro GNOME 25.0.10 Minimal,Python 3,fasta,250000,4991,0,0.8714818954467773,0.842472,0.0149749999999999,10872,1207,0,0,0,48,4,10.6171875,0.8574469999999998,0.8714818954467773,fasta-250000
Manjaro GNOME 25.0.10 Minimal,Python 3,fasta,250000,4994,0,0.8834950923919678,0.8654689999999999,0.005037,10872,1210,0,0,0,47,2,10.6171875,0.8705059999999999,0.8834950923919678,fasta-250000
Manjaro GNOME 25.0.10 Minimal,Python 3,fasta,250000,4997,0,0.9006094932556152,0.887745,0.0,10680,1203,0,0,0,48,0,10.4296875,0.887745,0.9006094932556152,fasta-250000
Manjaro GNOME 25.0.10 Minimal,Python 3,fasta,250000,5000,0,0.9142444133758544,0.888234,0.011939,10868,1209,0,0,0,47,9,10.61328125,0.900173,0.9142444133758544,fasta-250000
Manjaro GNOME 25.0.10 Minimal,Python 3,fasta,250000,5003,0,0.8995232582092285,0.8767499999999999,0.010839,10872,1208,0,0,0,48,1,10.6171875,0.887589,0.8995232582092285,fasta-250000
Manjaro GNOME 25.0.10 Minimal,Python 3,fasta,250000,5006,0,0.892636775970459,0.867663,0.0125449999999999,10872,1211,0,0,0,48,3,10.6171875,0.8802079999999999,0.892636775970459,fasta-250000
Manjaro GNOME 25.0.10 Minimal,Python 3,fasta,25000000,5009,0,87.11768889427185,87.044053,0.0402159999999999,10872,1206,0,0,0,48,513,10.6171875,87.084269,87.11768889427185,fasta-25000000
Manjaro GNOME 25.0.10 Minimal,Python 3,fasta,25000000,5012,0,87.64030146598816,87.549986,0.0516849999999999,10744,1208,0,0,0,48,347,10.4921875,87.60167100000001,87.64030146598816,fasta-25000000
Manjaro GNOME 25.0.10 Minimal,Python 3,fasta,25000000,5018,0,85.89212226867676,85.845265,0.036257,10872,1209,0,0,0,46,30,10.6171875,85.881522,85.89212226867676,fasta-25000000
Manjaro GNOME 25.0.10 Minimal,Python 3,fasta,25000000,5023,0,86.48739576339722,86.431442,0.04312,10872,1207,0,0,0,46,31,10.6171875,86.474562,86.48739576339722,fasta-25000000
Manjaro GNOME 25.0.10 Minimal,Python 3,fasta,25000000,5026,0,86.9609923362732,86.648216,0.297351,10684,1209,0,0,0,44,30,10.43359375,86.94556700000001,86.9609923362732,fasta-25000000
Manjaro GNOME 25.0.10 Minimal,Python 3,fasta,25000000,5031,0,91.93634963035583,91.480275,0.4414909999999999,10744,1208,0,0,0,47,33,10.4921875,91.921766,91.93634963035583,fasta-25000000
Manjaro GNOME 25.0.10 Minimal,Python 3,fasta,25000000,5038,0,87.30466485023499,87.224561,0.0476959999999999,10872,1208,0,0,0,42,550,10.6171875,87.272257,87.30466485023499,fasta-25000000
Manjaro GNOME 25.0.10 Minimal,Python 3,fasta,25000000,5043,0,86.47600197792053,86.128837,0.3321099999999999,10740,1210,0,0,0,45,30,10.48828125,86.460947,86.47600197792053,fasta-25000000
Manjaro GNOME 25.0.10 Minimal,Python 3,fasta,25000000,5047,0,86.70223712921143,86.653958,0.0354,10848,1210,0,0,0,47,28,10.59375,86.689358,86.70223712921143,fasta-25000000
Manjaro GNOME 25.0.10 Minimal,Python 3,fasta,25000000,5052,0,89.79809093475342,89.71286,0.070532,10872,1209,0,0,0,47,28,10.6171875,89.783392,89.79809093475342,fasta-25000000
Manjaro GNOME 25.0.10 Minimal,Python 3,mandelbrot,1000,5057,0,3.854903697967529,3.825596,0.017067,10616,1191,0,0,0,49,6,10.3671875,3.842663,3.854903697967529,mandelbrot-1000
Manjaro GNOME 25.0.10 Minimal,Python 3,mandelbrot,1000,5060,0,3.908149480819702,3.896347,0.001008,10872,1193,0,0,0,48,4,10.6171875,3.897355,3.908149480819702,mandelbrot-1000
Manjaro GNOME 25.0.10 Minimal,Python 3,mandelbrot,1000,5063,0,3.968656063079834,3.938265,0.014659,10872,1197,0,0,0,48,8,10.6171875,3.952924,3.968656063079834,mandelbrot-1000
Manjaro GNOME 25.0.10 Minimal,Python 3,mandelbrot,1000,5066,0,3.984408378601074,3.958546,0.0144859999999999,10872,1194,0,0,0,45,3,10.6171875,3.973032,3.984408378601074,mandelbrot-1000
Manjaro GNOME 25.0.10 Minimal,Python 3,mandelbrot,1000,5069,0,3.935495138168335,3.914937,0.006299,10872,1194,0,0,0,47,6,10.6171875,3.921236,3.935495138168335,mandelbrot-1000
Manjaro GNOME 25.0.10 Minimal,Python 3,mandelbrot,1000,5072,0,4.05478310585022,3.723743,0.317219,10744,1192,0,0,0,46,7,10.4921875,4.0409619999999995,4.05478310585022,mandelbrot-1000
Manjaro GNOME 25.0.10 Minimal,Python 3,mandelbrot,1000,5075,0,3.877861976623535,3.846473,0.016842,10744,1193,0,0,0,46,6,10.4921875,3.863315,3.877861976623535,mandelbrot-1000
Manjaro GNOME 25.0.10 Minimal,Python 3,mandelbrot,1000,5078,0,3.871078968048096,3.770614,0.085214,10744,1194,0,0,0,48,4,10.4921875,3.8558280000000003,3.871078968048096,mandelbrot-1000
Manjaro GNOME 25.0.10 Minimal,Python 3,mandelbrot,1000,5081,0,3.863349199295044,3.229846,0.6203569999999999,10556,1194,0,0,0,47,3,10.30859375,3.850203,3.863349199295044,mandelbrot-1000
Manjaro GNOME 25.0.10 Minimal,Python 3,mandelbrot,1000,5084,0,3.880203247070313,3.858806,0.01243,10872,1192,0,0,0,47,9,10.6171875,3.871236,3.880203247070313,mandelbrot-1000
Manjaro GNOME 25.0.10 Minimal,Python 3,mandelbrot,16000,5087,0,976.71936750412,976.526438,0.1613679999999999,10740,1192,0,0,0,46,1367,10.48828125,976.687806,976.71936750412,mandelbrot-16000
Manjaro GNOME 25.0.10 Minimal,Python 3,mandelbrot,16000,5146,0,978.0456340312958,977.8526,0.1721899999999999,10744,1191,0,0,0,48,261,10.4921875,978.02479,978.0456340312958,mandelbrot-16000
Manjaro GNOME 25.0.10 Minimal,Python 3,mandelbrot,16000,5210,0,978.1361665725708,977.680418,0.439977,10740,1192,0,0,0,48,899,10.48828125,978.120395,978.1361665725708,mandelbrot-16000
Manjaro GNOME 25.0.10 Minimal,Python 3,mandelbrot,16000,5234,0,988.3408246040344,987.578312,0.753707,10736,1194,0,0,0,43,313,10.484375,988.332019,988.3408246040344,mandelbrot-16000
Manjaro GNOME 25.0.10 Minimal,Python 3,mandelbrot,16000,5259,0,998.559147119522,998.395516,0.1582019999999999,10744,1191,0,0,0,46,396,10.4921875,998.553718,998.559147119522,mandelbrot-16000
Manjaro GNOME 25.0.10 Minimal,Python 3,mandelbrot,16000,5282,0,994.149998664856,993.972071,0.158855,10872,1190,0,0,0,48,311,10.6171875,994.130926,994.149998664856,mandelbrot-16000
Manjaro GNOME 25.0.10 Minimal,Python 3,mandelbrot,16000,5305,0,992.6771354675292,992.176816,0.3545979999999999,10744,1194,0,0,0,48,4053,10.4921875,992.531414,992.6771354675292,mandelbrot-16000
Manjaro GNOME 25.0.10 Minimal,Python 3,mandelbrot,16000,5327,0,989.830899477005,989.657249,0.15757,10872,1196,0,0,0,47,266,10.6171875,989.8148189999999,989.830899477005,mandelbrot-16000
Manjaro GNOME 25.0.10 Minimal,Python 3,mandelbrot,16000,5391,0,1025.284169435501,1024.965688,0.326001,10744,1193,0,0,0,46,342,10.4921875,1025.291689,1025.284169435501,mandelbrot-16000
Manjaro GNOME 25.0.10 Minimal,Python 3,mandelbrot,16000,5529,0,984.1306710243224,983.939658,0.160263,10612,1192,0,0,0,48,932,10.36328125,984.099921,984.1306710243224,mandelbrot-16000
Ubuntu Desktop 24.04.3,Python 3,binarytrees,7,2381,0,0.1284809112548828,0.0290999999999999,0.065958,14532,7881,1,512,0,320,0,14.19140625,0.0950579999999999,0.1284809112548828,binarytrees-7
Ubuntu Desktop 24.04.3,Python 3,binarytrees,7,2395,0,0.1126015186309814,0.030553,0.0564449999999999,14360,7919,0,0,0,319,0,14.0234375,0.0869979999999999,0.1126015186309814,binarytrees-7
Ubuntu Desktop 24.04.3,Python 3,binarytrees,7,2409,0,0.1138949394226074,0.034325,0.053942,14528,7909,0,0,0,307,0,14.1875,0.088267,0.1138949394226074,binarytrees-7
Ubuntu Desktop 24.04.3,Python 3,binarytrees,7,2423,0,0.1003460884094238,0.034906,0.059951,14532,7867,0,0,0,317,2,14.19140625,0.094857,0.1003460884094238,binarytrees-7
Ubuntu Desktop 24.04.3,Python 3,binarytrees,7,2437,0,0.1120007038116455,0.031459,0.0568339999999999,14324,7871,0,0,0,318,0,13.98828125,0.0882929999999999,0.1120007038116455,binarytrees-7
Ubuntu Desktop 24.04.3,Python 3,binarytrees,7,2451,0,0.1101179122924804,0.031928,0.0518519999999999,14512,7904,0,0,0,315,0,14.171875,0.0837799999999999,0.1101179122924804,binarytrees-7
Ubuntu Desktop 24.04.3,Python 3,binarytrees,7,2465,0,0.1036491394042968,0.036662,0.071681,14592,7904,0,0,0,332,1,14.25,0.108343,0.1036491394042968,binarytrees-7
Ubuntu Desktop 24.04.3,Python 3,binarytrees,7,2479,0,0.1167054176330566,0.018972,0.0847639999999999,14384,7825,0,0,0,320,1,14.046875,0.1037359999999999,0.1167054176330566,binarytrees-7
Ubuntu Desktop 24.04.3,Python 3,binarytrees,7,2493,0,0.1203923225402832,0.0520749999999999,0.051294,14380,7785,0,0,0,310,1,14.04296875,0.1033689999999999,0.1203923225402832,binarytrees-7
Ubuntu Desktop 24.04.3,Python 3,binarytrees,7,2507,0,0.1144094467163086,0.034388,0.0605029999999999,14592,7860,0,0,0,309,0,14.25,0.09489099999999989,0.1144094467163086,binarytrees-7
Ubuntu Desktop 24.04.3,Python 3,binarytrees,21,2521,0,16.476356267929077,86.335061,9.871035,275204,1255686,0,0,0,1005,340,268.75390625,96.206096,16.476356267929077,binarytrees-21
Ubuntu Desktop 24.04.3,Python 3,binarytrees,21,2535,0,16.27659583091736,76.307311,19.803317,275084,1263545,0,0,0,1034,227,268.63671875,96.11062799999999,16.27659583091736,binarytrees-21
Ubuntu Desktop 24.04.3,Python 3,binarytrees,21,2549,0,16.30178999900818,91.606255,7.075193,275208,1255709,0,0,0,1005,370,268.7578125,98.681448,16.30178999900818,binarytrees-21
Ubuntu Desktop 24.04.3,Python 3,binarytrees,21,2563,0,16.41211438179016,88.502785,9.917657,275212,1255754,0,0,0,998,273,268.76171875,98.42044200000001,16.41211438179016,binarytrees-21
Ubuntu Desktop 24.04.3,Python 3,binarytrees,21,2577,0,16.1667218208313,91.515381,6.453571,275244,1263574,0,0,0,1048,307,268.79296875,97.968952,16.1667218208313,binarytrees-21
Ubuntu Desktop 24.04.3,Python 3,binarytrees,21,2612,0,16.96654462814331,93.801596,7.532147,275212,1255633,0,0,0,1080,726,268.76171875,101.333743,16.96654462814331,binarytrees-21
Ubuntu Desktop 24.04.3,Python 3,binarytrees,21,2628,0,16.481393098831177,94.610276,9.141402,275192,1264110,0,0,0,991,413,268.7421875,103.751678,16.481393098831177,binarytrees-21
Ubuntu Desktop 24.04.3,Python 3,binarytrees,21,2642,0,16.1204514503479,89.986064,10.311158,275212,1263543,0,0,0,995,486,268.76171875,100.297222,16.1204514503479,binarytrees-21
Ubuntu Desktop 24.04.3,Python 3,binarytrees,21,2679,0,17.596286296844482,89.422803,9.578825,275212,1263552,0,0,0,1095,301,268.76171875,99.001628,17.596286296844482,binarytrees-21
Ubuntu Desktop 24.04.3,Python 3,binarytrees,21,2693,0,17.167276620864868,93.447387,7.102817,275084,1255673,0,0,0,1013,259,268.63671875,100.55020400000001,17.167276620864868,binarytrees-21
Ubuntu Desktop 24.04.3,Python 3,fannkuchredux,10,2707,0,6.386892318725586,6.333041,0.0442209999999999,9700,993,0,0,0,44,6,9.47265625,6.377262,6.386892318725586,fannkuchredux-10
Ubuntu Desktop 24.04.3,Python 3,fannkuchredux,10,2710,0,6.094687223434448,6.079056,0.0070329999999999,9652,990,0,0,0,45,6,9.42578125,6.086088999999999,6.094687223434448,fannkuchredux-10
Ubuntu Desktop 24.04.3,Python 3,fannkuchredux,10,2713,0,6.018647193908691,5.891649,0.113387,9672,988,0,0,0,45,41,9.4453125,6.0050360000000005,6.018647193908691,fannkuchredux-10
Ubuntu Desktop 24.04.3,Python 3,fannkuchredux,10,2716,0,6.276320934295654,6.267769,0.0,9664,990,0,0,0,45,1,9.4375,6.267769,6.276320934295654,fannkuchredux-10
Ubuntu Desktop 24.04.3,Python 3,fannkuchredux,10,2719,0,6.075949430465698,6.035742,0.031702,9704,991,0,0,0,45,10,9.4765625,6.067444,6.075949430465698,fannkuchredux-10
Ubuntu Desktop 24.04.3,Python 3,fannkuchredux,10,2722,0,5.998497247695923,5.962222,0.0274109999999999,9672,990,0,0,0,45,6,9.4453125,5.9896329999999995,5.998497247695923,fannkuchredux-10
Ubuntu Desktop 24.04.3,Python 3,fannkuchredux,10,2725,0,5.884419202804565,5.859164,0.01679,9700,990,0,0,0,45,7,9.47265625,5.875954,5.884419202804565,fannkuchredux-10
Ubuntu Desktop 24.04.3,Python 3,fannkuchredux,10,2728,0,5.971211194992065,5.942246,0.019063,9668,991,0,0,0,45,5,9.44140625,5.961309,5.971211194992065,fannkuchredux-10
Ubuntu Desktop 24.04.3,Python 3,fannkuchredux,10,2731,0,6.103927135467529,6.095024,0.0,9664,991,0,0,0,45,5,9.4375,6.095024,6.103927135467529,fannkuchredux-10
Ubuntu Desktop 24.04.3,Python 3,fannkuchredux,10,2734,0,6.024320363998413,5.913265,0.0972509999999999,9664,990,0,0,0,45,41,9.4375,6.010516,6.024320363998413,fannkuchredux-10
Ubuntu Desktop 24.04.3,Python 3,fannkuchredux,12,2737,0,1055.2640798091888,1054.664493,0.60346,9660,992,0,0,0,45,274,9.43359375,1055.267953,1055.2640798091888,fannkuchredux-12
Ubuntu Desktop 24.04.3,Python 3,fannkuchredux,12,3186,0,1066.9991960525513,1066.445743,0.550825,9668,991,0,0,0,45,303,9.44140625,1066.996568,1066.9991960525513,fannkuchredux-12
Ubuntu Desktop 24.04.3,Python 3,fannkuchredux,12,3569,0,1156.9897665977478,1156.805475,0.172684,9612,989,0,0,0,45,959,9.38671875,1156.9781589999998,1156.9897665977478,fannkuchredux-12
Ubuntu Desktop 24.04.3,Python 3,fannkuchredux,12,3975,0,1246.5376479625702,1246.509286,0.029231,9608,991,0,0,0,45,695,9.3828125,1246.538517,1246.5376479625702,fannkuchredux-12
Ubuntu Desktop 24.04.3,Python 3,fannkuchredux,12,4308,0,1235.379587650299,1235.352561,0.0251629999999999,9668,989,0,0,0,45,1071,9.44140625,1235.377724,1235.379587650299,fannkuchredux-12
Ubuntu Desktop 24.04.3,Python 3,fannkuchredux,12,4623,0,1270.3373475074768,1270.284951,0.0583799999999999,9616,987,0,0,0,44,383,9.390625,1270.343331,1270.3373475074768,fannkuchredux-12
Ubuntu Desktop 24.04.3,Python 3,fannkuchredux,12,5044,0,1236.3032801151276,1236.215145,0.066981,9616,991,0,0,0,44,1808,9.390625,1236.2821259999998,1236.3032801151276,fannkuchredux-12
Ubuntu Desktop 24.04.3,Python 3,fannkuchredux,12,5299,0,1221.2343525886536,1221.120495,0.1195759999999999,9608,989,0,0,0,44,336,9.3828125,1221.240071,1221.2343525886536,fannkuchredux-12
Ubuntu Desktop 24.04.3,Python 3,fannkuchredux,12,5691,0,1325.1854650974274,1325.159481,0.032477,9600,989,0,0,0,45,355,9.375,1325.1919579999999,1325.1854650974274,fannkuchredux-12
Ubuntu Desktop 24.04.3,Python 3,fannkuchredux,12,5917,0,1453.8988242149353,1453.888313,0.020426,9704,991,0,0,0,43,366,9.4765625,1453.908739,1453.8988242149353,fannkuchredux-12
Ubuntu Desktop 24.04.3,Python 3,fasta,250000,6057,0,0.8109426498413086,0.62227,0.17826,9668,997,0,0,0,44,0,9.44140625,0.80053,0.8109426498413086,fasta-250000
Ubuntu Desktop 24.04.3,Python 3,fasta,250000,6060,0,0.9893710613250732,0.967652,0.010291,9640,996,0,0,0,42,1,9.4140625,0.977943,0.9893710613250732,fasta-250000
Ubuntu Desktop 24.04.3,Python 3,fasta,250000,6063,0,1.3158254623413086,1.295627,0.008667,9664,996,0,0,0,45,2,9.4375,1.304294,1.3158254623413086,fasta-250000
Ubuntu Desktop 24.04.3,Python 3,fasta,250000,6066,0,1.4897243976593018,1.470998,0.009163,9668,998,0,0,0,44,2,9.44140625,1.480161,1.4897243976593018,fasta-250000
Ubuntu Desktop 24.04.3,Python 3,fasta,250000,6069,0,1.2488596439361572,1.227879,0.01075,9668,996,0,0,0,45,3,9.44140625,1.238629,1.2488596439361572,fasta-250000
Ubuntu Desktop 24.04.3,Python 3,fasta,250000,6072,0,1.508894681930542,1.493577,0.005011,9668,997,0,0,0,45,3,9.44140625,1.498588,1.508894681930542,fasta-250000
Ubuntu Desktop 24.04.3,Python 3,fasta,250000,6075,0,1.4114413261413574,1.398916,0.0060019999999999,9668,994,0,0,0,43,4,9.44140625,1.404918,1.4114413261413574,fasta-250000
Ubuntu Desktop 24.04.3,Python 3,fasta,250000,6078,0,0.805922269821167,0.332179,0.4644999999999999,9664,996,0,0,0,41,0,9.4375,0.7966789999999999,0.805922269821167,fasta-250000
Ubuntu Desktop 24.04.3,Python 3,fasta,250000,6081,0,1.0785789489746094,1.06508,0.003036,9656,995,0,0,0,45,1,9.4296875,1.068116,1.0785789489746094,fasta-250000
Ubuntu Desktop 24.04.3,Python 3,fasta,250000,6084,0,0.9668118953704834,0.946828,0.009073,9664,998,0,0,0,44,2,9.4375,0.955901,0.9668118953704834,fasta-250000
Ubuntu Desktop 24.04.3,Python 3,fasta,25000000,6087,0,132.32880306243896,132.228518,0.095506,9704,995,0,0,0,44,39,9.4765625,132.324024,132.32880306243896,fasta-25000000
Ubuntu Desktop 24.04.3,Python 3,fasta,25000000,6090,0,76.51553153991699,74.179741,2.325309,9648,994,0,0,0,41,60,9.421875,76.50505000000001,76.51553153991699,fasta-25000000
Ubuntu Desktop 24.04.3,Python 3,fasta,25000000,6093,0,113.09081983566284,113.037844,0.0455519999999999,9484,995,0,0,0,40,34,9.26171875,113.08339600000001,113.09081983566284,fasta-25000000
Ubuntu Desktop 24.04.3,Python 3,fasta,25000000,6100,0,128.63097524642944,128.533486,0.0915629999999999,9704,997,0,0,0,45,35,9.4765625,128.62504900000002,128.63097524642944,fasta-25000000
Ubuntu Desktop 24.04.3,Python 3,fasta,25000000,6103,0,78.69357633590698,76.576812,2.107557,9612,997,0,0,0,43,34,9.38671875,78.684369,78.69357633590698,fasta-25000000
Ubuntu Desktop 24.04.3,Python 3,fasta,25000000,6109,0,124.7639708518982,124.680675,0.0554589999999999,9672,996,0,0,0,43,100,9.4453125,124.73613399999999,124.7639708518982,fasta-25000000
Ubuntu Desktop 24.04.3,Python 3,fasta,25000000,6180,0,126.30504488945007,126.178515,0.065297,9656,994,0,0,0,45,901,9.4296875,126.243812,126.30504488945007,fasta-25000000
Ubuntu Desktop 24.04.3,Python 3,fasta,25000000,6186,0,128.64176034927368,128.556052,0.0800739999999999,9668,996,0,0,0,45,34,9.44140625,128.636126,128.64176034927368,fasta-25000000
Ubuntu Desktop 24.04.3,Python 3,fasta,25000000,6191,0,126.4370789527893,126.311877,0.065021,9668,995,0,0,0,45,1003,9.44140625,126.376898,126.4370789527893,fasta-25000000
Ubuntu Desktop 24.04.3,Python 3,fasta,25000000,6194,0,118.55643105506896,118.469277,0.078203,9664,995,0,0,0,43,50,9.4375,118.54748000000001,118.55643105506896,fasta-25000000
Ubuntu Desktop 24.04.3,Python 3,mandelbrot,1000,6204,0,4.836028099060059,4.819281,0.0050079999999999,9668,983,0,0,0,46,6,9.44140625,4.824289,4.836028099060059,mandelbrot-1000
Ubuntu Desktop 24.04.3,Python 3,mandelbrot,1000,6207,0,4.898113965988159,4.879621,0.0070069999999999,9656,981,0,0,0,45,6,9.4296875,4.886628,4.898113965988159,mandelbrot-1000
Ubuntu Desktop 24.04.3,Python 3,mandelbrot,1000,6210,0,5.027825593948364,5.008383,0.009529,9704,981,0,0,0,43,3,9.4765625,5.017912,5.027825593948364,mandelbrot-1000
Ubuntu Desktop 24.04.3,Python 3,mandelbrot,1000,6213,0,4.605410099029541,4.589302,0.008409,9664,983,0,0,0,45,4,9.4375,4.597711,4.605410099029541,mandelbrot-1000
Ubuntu Desktop 24.04.3,Python 3,mandelbrot,1000,6216,0,4.564435005187988,4.543329,0.0122069999999999,9632,981,0,0,0,41,3,9.40625,4.555536,4.564435005187988,mandelbrot-1000
Ubuntu Desktop 24.04.3,Python 3,mandelbrot,1000,6219,0,4.1447389125823975,4.127927,0.006911,9668,981,0,0,0,43,3,9.44140625,4.134837999999999,4.1447389125823975,mandelbrot-1000
Ubuntu Desktop 24.04.3,Python 3,mandelbrot,1000,6222,0,5.125390768051148,5.111352,0.0040019999999999,9664,981,0,0,0,45,4,9.4375,5.115354,5.125390768051148,mandelbrot-1000
Ubuntu Desktop 24.04.3,Python 3,mandelbrot,1000,6225,0,3.341407537460327,2.853779,0.4784179999999999,9700,982,0,0,0,42,3,9.47265625,3.332197,3.341407537460327,mandelbrot-1000
Ubuntu Desktop 24.04.3,Python 3,mandelbrot,1000,6228,0,4.458810567855835,4.431713,0.009472,9668,981,0,0,0,41,5,9.44140625,4.441185,4.458810567855835,mandelbrot-1000
Ubuntu Desktop 24.04.3,Python 3,mandelbrot,1000,6231,0,4.457154273986816,4.438996,0.008168,9664,984,0,0,0,44,3,9.4375,4.447164000000001,4.457154273986816,mandelbrot-1000
Ubuntu Desktop 24.04.3,Python 3,mandelbrot,16000,6234,0,1189.792141675949,1189.760665,0.0391339999999999,9660,981,0,0,0,43,301,9.43359375,1189.7997990000001,1189.792141675949,mandelbrot-16000
Ubuntu Desktop 24.04.3,Python 3,mandelbrot,16000,6272,0,1136.8605556488037,1136.585178,0.271906,9640,982,0,0,0,39,364,9.4140625,1136.857084,1136.8605556488037,mandelbrot-16000
Ubuntu Desktop 24.04.3,Python 3,mandelbrot,16000,6341,0,1186.035842180252,1185.934723,0.10056,9664,983,0,0,0,44,405,9.4375,1186.0352830000002,1186.035842180252,mandelbrot-16000
Ubuntu Desktop 24.04.3,Python 3,mandelbrot,16000,6362,0,1163.8874757289886,1163.864075,0.029029,9668,982,0,0,0,45,294,9.44140625,1163.893104,1163.8874757289886,mandelbrot-16000
Ubuntu Desktop 24.04.3,Python 3,mandelbrot,16000,6396,0,1224.0704610347748,1223.940898,0.126547,9660,983,0,0,0,44,430,9.43359375,1224.0674450000001,1224.0704610347748,mandelbrot-16000
Ubuntu Desktop 24.04.3,Python 3,mandelbrot,16000,6422,0,1173.512856245041,1173.469464,0.04858,9664,981,0,0,0,44,298,9.4375,1173.518044,1173.512856245041,mandelbrot-16000
Ubuntu Desktop 24.04.3,Python 3,mandelbrot,16000,6447,0,1147.8826949596405,1147.806337,0.059396,9668,981,0,0,0,45,1804,9.44140625,1147.865733,1147.8826949596405,mandelbrot-16000
Ubuntu Desktop 24.04.3,Python 3,mandelbrot,16000,7535,0,956.4518148899078,956.320142,0.129546,9612,982,0,0,0,45,315,9.38671875,956.449688,956.4518148899078,mandelbrot-16000
Ubuntu Desktop 24.04.3,Python 3,mandelbrot,16000,7850,0,956.4729595184326,956.415967,0.05418,9676,981,0,0,0,45,749,9.44921875,956.470147,956.4729595184326,mandelbrot-16000
Ubuntu Desktop 24.04.3,Python 3,mandelbrot,16000,8144,0,1170.0739018917084,1169.85571,0.223525,9664,982,0,0,0,45,296,9.4375,1170.0792350000002,1170.0739018917084,mandelbrot-16000
Ubuntu Server 24.04.3,Python 3,binarytrees,7,1643,0,0.099761962890625,0.021108,0.056506,14592,7768,0,0,0,294,2,14.25,0.077614,0.099761962890625,binarytrees-7
Ubuntu Server 24.04.3,Python 3,binarytrees,7,1657,0,0.09950852394104,0.039476,0.038541,14592,7711,0,0,0,282,0,14.25,0.078017,0.09950852394104,binarytrees-7
Ubuntu Server 24.04.3,Python 3,binarytrees,7,1671,0,0.0986459255218505,0.038709,0.039353,14720,7767,0,0,0,287,0,14.375,0.07806199999999999,0.0986459255218505,binarytrees-7
Ubuntu Server 24.04.3,Python 3,binarytrees,7,1685,0,0.099377155303955,0.044656,0.0315089999999999,14720,7741,0,0,0,282,0,14.375,0.0761649999999999,0.099377155303955,binarytrees-7
Ubuntu Server 24.04.3,Python 3,binarytrees,7,1699,0,0.0863609313964843,0.0702629999999999,0.011597,14592,7760,0,0,0,302,0,14.25,0.08185999999999989,0.0863609313964843,binarytrees-7
Ubuntu Server 24.04.3,Python 3,binarytrees,7,1713,0,0.0980060100555419,0.0539549999999999,0.0279939999999999,14464,7779,0,0,0,265,0,14.125,0.0819489999999998,0.0980060100555419,binarytrees-7
Ubuntu Server 24.04.3,Python 3,binarytrees,7,1727,0,0.1033549308776855,0.051515,0.0301379999999999,14464,7698,0,0,0,280,0,14.125,0.08165299999999989,0.1033549308776855,binarytrees-7
Ubuntu Server 24.04.3,Python 3,binarytrees,7,1741,0,0.1007938385009765,0.044593,0.03354,14464,7769,0,0,0,298,0,14.125,0.07813300000000001,0.1007938385009765,binarytrees-7
Ubuntu Server 24.04.3,Python 3,binarytrees,7,1755,0,0.0988664627075195,0.054021,0.0203339999999999,14592,7773,0,0,0,291,0,14.25,0.0743549999999999,0.0988664627075195,binarytrees-7
Ubuntu Server 24.04.3,Python 3,binarytrees,7,1769,0,0.0999603271484375,0.0528439999999999,0.024317,14464,7794,0,0,0,282,0,14.125,0.0771609999999999,0.0999603271484375,binarytrees-7
Ubuntu Server 24.04.3,Python 3,binarytrees,21,1783,0,46.63150238990784,294.737334,48.903172,275328,1263484,0,0,0,1042,338,268.875,343.64050599999996,46.63150238990784,binarytrees-21
Ubuntu Server 24.04.3,Python 3,binarytrees,21,1797,0,47.53565216064453,313.870429,34.406128,275200,1263482,0,0,0,1035,819,268.75,348.276557,47.53565216064453,binarytrees-21
Ubuntu Server 24.04.3,Python 3,binarytrees,21,1816,0,46.66859555244446,310.978029,30.428225,275200,1263591,0,0,0,996,998,268.75,341.406254,46.66859555244446,binarytrees-21
Ubuntu Server 24.04.3,Python 3,binarytrees,21,1830,0,48.5663115978241,322.412595,30.731937,275200,1263521,0,0,0,993,980,268.75,353.144532,48.5663115978241,binarytrees-21
Ubuntu Server 24.04.3,Python 3,binarytrees,21,1844,0,47.16987347602844,311.251014,33.017661,275200,1263479,0,0,0,991,869,268.75,344.268675,47.16987347602844,binarytrees-21
Ubuntu Server 24.04.3,Python 3,binarytrees,21,1859,0,21.499425172805783,124.337843,11.189003,275328,1263526,0,0,0,1026,292,268.875,135.526846,21.499425172805783,binarytrees-21
Ubuntu Server 24.04.3,Python 3,binarytrees,21,1873,0,23.549448490142822,134.3392,12.056663,275200,1263552,0,0,0,1092,476,268.75,146.39586300000002,23.549448490142822,binarytrees-21
Ubuntu Server 24.04.3,Python 3,binarytrees,21,1887,0,21.17692255973816,121.040569,12.985413,275200,1264121,0,0,0,1060,339,268.75,134.025982,21.17692255973816,binarytrees-21
Ubuntu Server 24.04.3,Python 3,binarytrees,21,1901,0,21.03429675102234,122.674534,10.764538,275328,1263515,0,0,0,1084,312,268.875,133.43907199999998,21.03429675102234,binarytrees-21
Ubuntu Server 24.04.3,Python 3,binarytrees,21,1915,0,21.367344617843628,121.271576,13.933901,275200,1263565,0,0,0,1082,332,268.75,135.205477,21.367344617843628,binarytrees-21
Ubuntu Server 24.04.3,Python 3,fannkuchredux,10,1929,0,6.590059518814087,6.532268,0.0453449999999999,10752,1208,0,0,0,44,8,10.5,6.577613,6.590059518814087,fannkuchredux-10
Ubuntu Server 24.04.3,Python 3,fannkuchredux,10,1932,0,6.3699376583099365,6.340831,0.0177559999999999,10752,1208,0,0,0,45,10,10.5,6.358587,6.3699376583099365,fannkuchredux-10
Ubuntu Server 24.04.3,Python 3,fannkuchredux,10,1935,0,6.247961044311523,6.225459,0.0119099999999999,10752,1207,0,0,0,45,13,10.5,6.237369,6.247961044311523,fannkuchredux-10
Ubuntu Server 24.04.3,Python 3,fannkuchredux,10,1938,0,6.310525417327881,6.284731,0.014888,10752,1206,0,0,0,45,8,10.5,6.299619,6.310525417327881,fannkuchredux-10
Ubuntu Server 24.04.3,Python 3,fannkuchredux,10,1941,0,6.566704988479614,6.499539,0.055872,10752,1208,0,0,0,44,14,10.5,6.555411,6.566704988479614,fannkuchredux-10
Ubuntu Server 24.04.3,Python 3,fannkuchredux,10,1944,0,6.233839511871338,6.187325,0.037321,10752,1205,0,0,0,45,8,10.5,6.224646000000001,6.233839511871338,fannkuchredux-10
Ubuntu Server 24.04.3,Python 3,fannkuchredux,10,1948,0,7.885321855545044,7.722346,0.149465,10752,1207,0,0,0,43,26,10.5,7.871811,7.885321855545044,fannkuchredux-10
Ubuntu Server 24.04.3,Python 3,fannkuchredux,10,2078,0,8.797274351119995,8.678811,0.105372,10752,1208,0,0,0,44,19,10.5,8.784182999999999,8.797274351119995,fannkuchredux-10
Ubuntu Server 24.04.3,Python 3,fannkuchredux,10,2081,0,6.796854257583618,6.76869,0.017396,10752,1207,0,0,0,45,16,10.5,6.786086,6.796854257583618,fannkuchredux-10
Ubuntu Server 24.04.3,Python 3,fannkuchredux,10,2084,0,6.349569320678711,6.331093,0.008093,10624,1207,0,0,0,45,8,10.375,6.339186,6.349569320678711,fannkuchredux-10
Ubuntu Server 24.04.3,Python 3,fannkuchredux,12,2087,0,1121.1575717926023,1119.133453,1.968844,10752,1206,0,0,0,40,2626,10.5,1121.102297,1121.1575717926023,fannkuchredux-12
Ubuntu Server 24.04.3,Python 3,fannkuchredux,12,2115,0,1105.1293377876282,1100.286723,4.73049,10752,1205,0,0,0,45,2500,10.5,1105.0172129999999,1105.1293377876282,fannkuchredux-12
Ubuntu Server 24.04.3,Python 3,fannkuchredux,12,2135,0,1102.4180464744568,1097.917893,4.434785,10752,1206,0,0,0,45,2653,10.5,1102.352678,1102.4180464744568,fannkuchredux-12
Ubuntu Server 24.04.3,Python 3,fannkuchredux,12,2155,0,1096.4848012924194,1093.616913,2.800247,10752,1207,0,0,0,45,3632,10.5,1096.41716,1096.4848012924194,fannkuchredux-12
Ubuntu Server 24.04.3,Python 3,fannkuchredux,12,2233,0,1094.801005601883,1090.729625,4.020309,10752,1206,0,0,0,45,2296,10.5,1094.749934,1094.801005601883,fannkuchredux-12
Ubuntu Server 24.04.3,Python 3,fannkuchredux,12,2266,0,1091.7064447402954,1087.776678,3.880579,10752,1206,0,0,0,44,2362,10.5,1091.6572569999998,1091.7064447402954,fannkuchredux-12
Ubuntu Server 24.04.3,Python 3,fannkuchredux,12,2295,0,1127.621173620224,1124.414453,3.146497,10752,1206,0,0,0,45,3117,10.5,1127.56095,1127.621173620224,fannkuchredux-12
Ubuntu Server 24.04.3,Python 3,fannkuchredux,12,2766,0,1098.6003603935242,1095.451919,3.084216,10752,1206,0,0,0,44,3491,10.5,1098.536135,1098.6003603935242,fannkuchredux-12
Ubuntu Server 24.04.3,Python 3,fannkuchredux,12,2795,0,1094.589148521423,1090.808282,3.736806,10752,1206,0,0,0,43,2143,10.5,1094.5450879999999,1094.589148521423,fannkuchredux-12
Ubuntu Server 24.04.3,Python 3,fannkuchredux,12,2822,0,1099.847285747528,1096.009846,3.793365,10752,1206,0,0,0,45,2140,10.5,1099.803211,1099.847285747528,fannkuchredux-12
Ubuntu Server 24.04.3,Python 3,fasta,250000,2839,0,0.8026931285858154,0.7829379999999999,0.005621,10752,1213,0,0,0,45,2,10.5,0.7885589999999999,0.8026931285858154,fasta-250000
Ubuntu Server 24.04.3,Python 3,fasta,250000,2842,0,0.8572251796722412,0.80906,0.0384339999999999,10752,1213,0,0,0,45,1,10.5,0.8474939999999999,0.8572251796722412,fasta-250000
Ubuntu Server 24.04.3,Python 3,fasta,250000,2845,0,0.8097021579742432,0.780878,0.019004,10752,1214,0,0,0,45,2,10.5,0.799882,0.8097021579742432,fasta-250000
Ubuntu Server 24.04.3,Python 3,fasta,250000,2848,0,0.9816880226135254,0.953823,0.0168649999999999,10752,1214,0,0,0,45,1,10.5,0.9706879999999999,0.9816880226135254,fasta-250000
Ubuntu Server 24.04.3,Python 3,fasta,250000,2851,0,0.8201150894165039,0.7803669999999999,0.029939,10752,1215,0,0,0,45,4,10.5,0.810306,0.8201150894165039,fasta-250000
Ubuntu Server 24.04.3,Python 3,fasta,250000,2854,0,0.9127321243286132,0.87515,0.025665,10752,1212,0,0,0,44,0,10.5,0.900815,0.9127321243286132,fasta-250000
Ubuntu Server 24.04.3,Python 3,fasta,250000,2857,0,0.8147060871124268,0.745883,0.058737,10752,1214,0,0,0,45,2,10.5,0.80462,0.8147060871124268,fasta-250000
Ubuntu Server 24.04.3,Python 3,fasta,250000,2860,0,0.7938904762268066,0.721598,0.0610029999999999,10752,1212,0,0,0,45,3,10.5,0.7826009999999999,0.7938904762268066,fasta-250000
Ubuntu Server 24.04.3,Python 3,fasta,250000,2863,0,0.8362369537353516,0.771613,0.0547029999999999,10752,1216,0,0,0,44,1,10.5,0.8263159999999999,0.8362369537353516,fasta-250000
Ubuntu Server 24.04.3,Python 3,fasta,250000,2866,0,0.8540022373199463,0.804079,0.040049,10752,1213,0,0,0,45,4,10.5,0.844128,0.8540022373199463,fasta-250000
Ubuntu Server 24.04.3,Python 3,fasta,25000000,2869,0,80.74847316741943,80.526983,0.2079879999999999,10752,1216,0,0,0,45,187,10.5,80.734971,80.74847316741943,fasta-25000000
Ubuntu Server 24.04.3,Python 3,fasta,25000000,2876,0,79.50258779525757,79.235805,0.253118,10752,1214,0,0,0,45,250,10.5,79.488923,79.50258779525757,fasta-25000000
Ubuntu Server 24.04.3,Python 3,fasta,25000000,2879,0,81.10852003097534,80.960038,0.134374,10752,1215,0,0,0,45,270,10.5,81.09441199999999,81.10852003097534,fasta-25000000
Ubuntu Server 24.04.3,Python 3,fasta,25000000,2883,0,81.03018641471863,80.795809,0.218669,10752,1215,0,0,0,45,291,10.5,81.01447800000001,81.03018641471863,fasta-25000000
Ubuntu Server 24.04.3,Python 3,fasta,25000000,2886,0,79.46067237854004,78.277828,1.167595,10752,1213,0,0,0,45,102,10.5,79.445423,79.46067237854004,fasta-25000000
Ubuntu Server 24.04.3,Python 3,fasta,25000000,2894,0,80.17524266242981,80.119561,0.035933,10624,1216,0,0,0,44,222,10.375,80.155494,80.17524266242981,fasta-25000000
Ubuntu Server 24.04.3,Python 3,fasta,25000000,2900,0,83.3752498626709,82.106685,1.252557,10752,1214,0,0,0,45,81,10.5,83.359242,83.3752498626709,fasta-25000000
Ubuntu Server 24.04.3,Python 3,fasta,25000000,2909,0,3275.5464124679565,3265.623986,9.974826,10752,1214,0,0,0,45,152,10.5,3275.598812,3275.5464124679565,fasta-25000000
Ubuntu Server 24.04.3,Python 3,fasta,25000000,2921,0,83.05067038536072,82.755173,0.280188,10752,1212,0,0,0,43,209,10.5,83.035361,83.05067038536072,fasta-25000000
Ubuntu Server 24.04.3,Python 3,fasta,25000000,2924,0,78.10572385787964,77.876938,0.2152019999999999,10752,1214,0,0,0,43,224,10.5,78.09214,78.10572385787964,fasta-25000000
Ubuntu Server 24.04.3,Python 3,mandelbrot,1000,2930,0,3.508074998855591,3.494173,0.0,10624,1196,0,0,0,46,2,10.375,3.494173,3.508074998855591,mandelbrot-1000
Ubuntu Server 24.04.3,Python 3,mandelbrot,1000,2933,0,3.348179578781128,3.320009,0.016517,10624,1196,0,0,0,45,4,10.375,3.336526,3.348179578781128,mandelbrot-1000
Ubuntu Server 24.04.3,Python 3,mandelbrot,1000,2936,0,3.3212900161743164,3.305021,0.006476,10624,1196,0,0,0,44,6,10.375,3.311497,3.3212900161743164,mandelbrot-1000
Ubuntu Server 24.04.3,Python 3,mandelbrot,1000,2939,0,3.3203554153442383,3.224666,0.085281,10624,1198,0,0,0,43,6,10.375,3.309947,3.3203554153442383,mandelbrot-1000
Ubuntu Server 24.04.3,Python 3,mandelbrot,1000,2942,0,3.2246549129486084,3.163698,0.050789,10624,1198,0,0,0,44,6,10.375,3.214487,3.2246549129486084,mandelbrot-1000
Ubuntu Server 24.04.3,Python 3,mandelbrot,1000,2945,0,3.3558766841888428,3.344448,0.0017189999999999,10624,1196,0,0,0,44,1,10.375,3.346167,3.3558766841888428,mandelbrot-1000
Ubuntu Server 24.04.3,Python 3,mandelbrot,1000,2948,0,3.3253867626190186,3.288315,0.025571,10624,1196,0,0,0,45,5,10.375,3.3138859999999997,3.3253867626190186,mandelbrot-1000
Ubuntu Server 24.04.3,Python 3,mandelbrot,1000,2951,0,3.4533684253692627,3.411843,0.030195,10624,1195,0,0,0,43,10,10.375,3.442038,3.4533684253692627,mandelbrot-1000
Ubuntu Server 24.04.3,Python 3,mandelbrot,1000,2954,0,3.29551100730896,3.284193,0.001558,10624,1195,0,0,0,45,3,10.375,3.2857510000000003,3.29551100730896,mandelbrot-1000
Ubuntu Server 24.04.3,Python 3,mandelbrot,1000,2957,0,3.2958133220672607,3.260822,0.024918,10624,1196,0,0,0,45,5,10.375,3.28574,3.2958133220672607,mandelbrot-1000
Ubuntu Server 24.04.3,Python 3,mandelbrot,16000,2960,0,1185.97056722641,1185.775455,0.118048,10624,1198,0,0,0,44,2397,10.375,1185.893503,1185.97056722641,mandelbrot-16000
Ubuntu Server 24.04.3,Python 3,mandelbrot,16000,2992,0,1246.6301016807556,1246.403608,0.168344,10496,1198,0,0,0,45,1910,10.25,1246.571952,1246.6301016807556,mandelbrot-16000
Ubuntu Server 24.04.3,Python 3,mandelbrot,16000,3014,0,1246.8943090438845,1246.691437,0.1876,10624,1197,0,0,0,45,2189,10.375,1246.879037,1246.8943090438845,mandelbrot-16000
Ubuntu Server 24.04.3,Python 3,mandelbrot,16000,3038,0,1185.8610174655914,1185.741574,0.066158,10624,1198,0,0,0,44,3324,10.375,1185.807732,1185.8610174655914,mandelbrot-16000
